"","Model"
"1","Aeromarine 75"
"2","Aérospatiale / BAC Concorde 101"
"3","Aérospatiale / BAC Concorde 102"
"4","Aérospatiale SN.600 Corvette"
"5","Aérospatiale SN.601 Corvette"
"6","Airbus"
"7","Airbus A300"
"8","Airbus A300?"
"9","Airbus A300B2-101"
"10","Airbus A300B2-1C"
"11","Airbus A300B2-202"
"12","Airbus A300B2-203"
"13","Airbus A300B4"
"14","Airbus A300B4-120"
"15","Airbus A300B4-203"
"16","Airbus A300B4-203F"
"17","Airbus A300B4-220"
"18","Airbus A300B4-601"
"19","Airbus A300B4-605R"
"20","Airbus A300B4-605R ?"
"21","Airbus A300B4-620"
"22","Airbus A300B4-620 ?"
"23","Airbus A300B4-622R"
"24","Airbus A300C4-620"
"25","Airbus A300F4-605R"
"26","Airbus A300F4-622R"
"27","Airbus A310"
"28","Airbus A310-203"
"29","Airbus A310-204"
"30","Airbus A310-222"
"31","Airbus A310-300"
"32","Airbus A310-304"
"33","Airbus A310-304ET"
"34","Airbus A310-304F"
"35","Airbus A310-308"
"36","Airbus A310-324"
"37","Airbus A310-324ET"
"38","Airbus A310-325"
"39","Airbus A319-111"
"40","Airbus A319-112"
"41","Airbus A319-114"
"42","Airbus A319-115 (WL)"
"43","Airbus A319-131"
"44","Airbus A320"
"45","Airbus A320 ?"
"46","Airbus A320-111"
"47","Airbus A320-211"
"48","Airbus A320-212"
"49","Airbus A320-214"
"50","Airbus A320-216"
"51","Airbus A320-231"
"52","Airbus A320-232"
"53","Airbus A320-233"
"54","Airbus A321"
"55","Airbus A321-111"
"56","Airbus A321-131"
"57","Airbus A321-211"
"58","Airbus A321-211 (WL)"
"59","Airbus A321-213"
"60","Airbus A321-231"
"61","Airbus A321-231 (WL)"
"62","Airbus A321-271N"
"63","Airbus A330-202"
"64","Airbus A330-203"
"65","Airbus A330-223"
"66","Airbus A330-243"
"67","Airbus A330-301"
"68","Airbus A330-302"
"69","Airbus A330-303"
"70","Airbus A330-321"
"71","Airbus A330-322"
"72","Airbus A330-323"
"73","Airbus A330-323X"
"74","Airbus A330-342"
"75","Airbus A330-343"
"76","Airbus A330-343X"
"77","Airbus A340-211"
"78","Airbus A340-212"
"79","Airbus A340-311"
"80","Airbus A340-312"
"81","Airbus A340-313"
"82","Airbus A340-313X"
"83","Airbus A340-541"
"84","Airbus A340-642"
"85","Airbus A380-842"
"86","Airbus A380-861"
"87","Airbus A400M Atlas"
"88","Airspeed AS.57 Ambassador 2"
"89","Alenia C-27J Spartan"
"90","Alenia G-222"
"91","AMI C-47TP (DC-3T)"
"92","AMI DC-3-65TP"
"93","Amiot AAC.1 (Junkers Ju-52)"
"94","Antononv An-2T"
"95","Antonov"
"96","Antonov An-10"
"97","Antonov An-10A"
"98","Antonov An-12"
"99","Antonov An-124-100"
"100","Antonov An-12A"
"101","Antonov An-12AP"
"102","Antonov An-12B"
"103","Antonov An-12BK"
"104","Antonov An-12BK-PPS"
"105","Antonov An-12BP"
"106","Antonov An-12RR"
"107","Antonov An-12TB"
"108","Antonov An-12TP-2"
"109","Antonov An-140"
"110","Antonov An-140-100"
"111","Antonov An-148-100B"
"112","Antonov An-148-100E"
"113","Antonov An-2"
"114","Antonov An-22"
"115","Antonov An-22A"
"116","Antonov An-24"
"117","Antonov An-24B"
"118","Antonov An-24RV"
"119","Antonov An-24T"
"120","Antonov An-24V"
"121","Antonov An-26"
"122","Antonov An-26-100"
"123","Antonov An-26B"
"124","Antonov An-26B-100"
"125","Antonov An-26RT"
"126","Antonov An-26SM"
"127","Antonov An-28"
"128","Antonov An-2M"
"129","Antonov An-2P"
"130","Antonov An-2R"
"131","Antonov An-2SX"
"132","Antonov An-2T"
"133","Antonov An-2TD"
"134","Antonov An-2TP"
"135","Antonov An-2V"
"136","Antonov An-30A"
"137","Antonov An-30A-100"
"138","Antonov An-30B"
"139","Antonov An-30D"
"140","Antonov An-32"
"141","Antonov An-32A"
"142","Antonov An-32B"
"143","Antonov An-32RE"
"144","Antonov An-3T"
"145","Antonov An-6"
"146","Antonov An-70"
"147","Antonov An-72"
"148","Antonov An-72-100"
"149","Antonov An-74"
"150","Antonov An-74-200"
"151","Antonov An-74T-200"
"152","Antonov An-74TK-100"
"153","Antonov An-8"
"154","Antonov TR-301"
"155","Antonov TVS-2MS"
"156","Armstrong Whitworth Argosy II"
"157","Armstrong Whitworth AW-650 Argosy 1"
"158","Armstrong Whitworth AW-650 Argosy 2"
"159","Armstrong Whitworth AW-660 Argosy C"
"160","Armstrong Whitworth AW.15 Atalanta"
"161","Armstrong Whitworth AW.27 Ensign I"
"162","ATECO Westwind II"
"163","ATL-98 Carvair"
"164","ATR 42-300"
"165","ATR 42-310"
"166","ATR 42-312"
"167","ATR 42-320"
"168","ATR 42-320F"
"169","ATR 42-500"
"170","ATR 42-500 ?"
"171","ATR 42-512"
"172","ATR 42-600"
"173","ATR 72-201"
"174","ATR 72-202"
"175","ATR 72-212"
"176","ATR 72-500 (72-212A)"
"177","ATR 72-600 (72-212A)"
"178","ATR-72-500"
"179","ATR-72-600"
"180","Avia 14"
"181","Avia 14-32A"
"182","Avia 14T"
"183","Avro 642 Eighteen"
"184","Avro 685 York C.1"
"185","Avro 685 York I"
"186","Avro 688 Super Trader"
"187","Avro 689 Tudor 2"
"188","Avro 689 Tudor 5"
"189","Avro 691 Lancastrian C.1"
"190","Avro 691 Lancastrian C.3"
"191","Avro 691 Lancastrian XPP"
"192","Avro 748-101 Srs. 1"
"193","Avro 748-105 Srs. 1"
"194","Avro 748-106 Srs. 1A"
"195","Avro RJ100"
"196","Avro RJ70"
"197","Avro RJ85"
"198","Avro Shackleton AEW.2"
"199","Avro Shackleton MR.1"
"200","Avro Shackleton MR.2"
"201","Avro Shackleton MR.3"
"202","Avro Shackleton T.4"
"203","Baade 152"
"204","BAC One-Eleven"
"205","BAC One-Eleven 200AB"
"206","BAC One-Eleven 201AC"
"207","BAC One-Eleven 203AE"
"208","BAC One-Eleven 204AF"
"209","BAC One-Eleven 208AL"
"210","BAC One-Eleven 320AZ"
"211","BAC One-Eleven 401AK"
"212","BAC One-Eleven 402AP"
"213","BAC One-Eleven 412EB"
"214","BAC One-Eleven 414EG"
"215","BAC One-Eleven 420EL"
"216","BAC One-Eleven 501EX"
"217","BAC One-Eleven 515FB"
"218","BAC One-Eleven 516FP"
"219","BAC One-Eleven 518FG"
"220","BAC One-Eleven 520FN"
"221","BAC One-Eleven 521FH"
"222","BAC One-Eleven 523FJ"
"223","BAC One-Eleven 524FF"
"224","BAC One-Eleven 525FT"
"225","BAC One-Eleven 527FK"
"226","BAC One-Eleven 528FL"
"227","BAC One-Eleven 529FR"
"228","BAe 3101 Jetstream 31"
"229","BAe 3101 Jetstream 31EP"
"230","BAe 3102 Jetstream 31"
"231","BAe 3103 Jetstream 31"
"232","BAe 3112 Jetstream 31"
"233","BAe 3201 Jetstream 31"
"234","BAe 3201 Jetstream 32"
"235","BAe 3201 Jetstream 32EP"
"236","BAe 3202 Jetstream 32"
"237","BAe 3212 Jetstream 32"
"238","BAe 3212 Jetstream 32EP"
"239","BAe 4100 Jetstream 41"
"240","BAe 4101 Jetstream 41"
"241","BAe 4121 Jetstream 41"
"242","BAe-125 CC3 (HS-125-700)"
"243","BAe-125-700A"
"244","BAe-125-700B"
"245","BAe-125-800A"
"246","BAe-125-800B"
"247","BAe-125-800SP"
"248","BAe-146"
"249","BAe-146-100"
"250","BAe-146-200"
"251","BAe-146-200A"
"252","BAe-146-200QT"
"253","BAe-146-300"
"254","BAe-748"
"255","Basler BT-67 Turbo 67 (AC-47T)"
"256","Basler BT-67 Turbo 67 (DC-3T)"
"257","Beech 100 King Air"
"258","Beech 1900"
"259","Beech 1900C"
"260","Beech 1900C-1"
"261","Beech 1900D"
"262","Beech 200 Super King Air"
"263","Beech 200C Super King Air"
"264","Beech 200T Super King Air"
"265","Beech 300 Super King Air"
"266","Beech 300 Super King Air 350"
"267","Beech 300 Super King Air 350ER"
"268","Beech 300/F Super King Air"
"269","Beech 300LW Super King Air"
"270","Beech 65-B80 Queen Air"
"271","Beech 99"
"272","Beech 99A"
"273","Beech A100 King Air"
"274","Beech A200 Super King Air"
"275","Beech B100 King Air"
"276","Beech B200 Catpass 250"
"277","Beech B200 King Air"
"278","Beech B200 Super King Air"
"279","Beech B200C Super King Air"
"280","Beech B200GT King Air"
"281","Beech B200GT King Air 250"
"282","Beech B300 King Air 350"
"283","Beech B300 King Air 350i"
"284","Beech B300 Super King Air 350"
"285","Beech B300C Super King Air 350"
"286","Beech B99"
"287","Beech B99A"
"288","Beech Beechjet 400"
"289","Beech Beechjet 400A"
"290","Beech C-12F Huron  (A200CF Super Ki"
"291","Beech C-12F Huron (A200CT Super Kin"
"292","Beech C99"
"293","Beech Hawker BH-125-600A"
"294","Beech MC-12W Liberty (King Air 350)"
"295","Beech RC-12K Huron (A200CT Super Ki"
"296","Beech T-1A Jayhawk"
"297","Beriev Be-200ES"
"298","Blackburn Beverley C.1"
"299","Blériot 155"
"300","BN-2 Islander"
"301","BN-2A Islander"
"302","BN-2A Trislander Mk.III"
"303","BN-2A Trislander Mk.III-1"
"304","BN-2A Trislander Mk.III-2"
"305","BN-2A Trislander Mk.III-3"
"306","BN-2A-2 Islander"
"307","BN-2A-20 Islander"
"308","BN-2A-20 Islander"
"309","BN-2A-21 Islander"
"310","BN-2A-21 Islander"
"311","BN-2A-26 Islander"
"312","BN-2A-26 Islander"
"313","BN-2A-27 Islander"
"314","BN-2A-27 Islander"
"315","BN-2A-3 Islander"
"316","BN-2A-6 Islander"
"317","BN-2A-7 Islander"
"318","BN-2A-8 Islander"
"319","BN-2A-9 Islander"
"320","BN-2A-9R Islander"
"321","BN-2B-20 Islander"
"322","BN-2B-21 Islander"
"323","BN-2B-26 Islander"
"324","BN-2B-26 Islander"
"325","BN-2B-27 Islander"
"326","BN-2B-27 Islander"
"327","BN-2T Islander"
"328","Boeing"
"329","Boeing 314A"
"330","Boeing 377 Stratocruiser"
"331","Boeing 707"
"332","Boeing 707-121"
"333","Boeing 707-121B"
"334","Boeing 707-123"
"335","Boeing 707-123B"
"336","Boeing 707-124"
"337","Boeing 707-131"
"338","Boeing 707-131B"
"339","Boeing 707-138B"
"340","Boeing 707-139"
"341","Boeing 707-227"
"342","Boeing 707-300"
"343","Boeing 707-309C"
"344","Boeing 707-312B"
"345","Boeing 707-321"
"346","Boeing 707-321B"
"347","Boeing 707-321C"
"348","Boeing 707-323B"
"349","Boeing 707-323C"
"350","Boeing 707-324C"
"351","Boeing 707-327C"
"352","Boeing 707-328"
"353","Boeing 707-328B"
"354","Boeing 707-328C"
"355","Boeing 707-329"
"356","Boeing 707-329C"
"357","Boeing 707-330B"
"358","Boeing 707-330C"
"359","Boeing 707-331"
"360","Boeing 707-331B"
"361","Boeing 707-331C"
"362","Boeing 707-336B"
"363","Boeing 707-336C"
"364","Boeing 707-337C"
"365","Boeing 707-338C"
"366","Boeing 707-340C"
"367","Boeing 707-341C"
"368","Boeing 707-344C"
"369","Boeing 707-345C"
"370","Boeing 707-347C"
"371","Boeing 707-348C"
"372","Boeing 707-349C"
"373","Boeing 707-351B"
"374","Boeing 707-351C"
"375","Boeing 707-355C"
"376","Boeing 707-365C"
"377","Boeing 707-366C"
"378","Boeing 707-368C"
"379","Boeing 707-369C"
"380","Boeing 707-372C"
"381","Boeing 707-373C"
"382","Boeing 707-379C"
"383","Boeing 707-387B"
"384","Boeing 707-387C"
"385","Boeing 707-3B4C"
"386","Boeing 707-3B5C"
"387","Boeing 707-3D3C"
"388","Boeing 707-3F9C"
"389","Boeing 707-3J6C"
"390","Boeing 707-3J9C"
"391","Boeing 707-3K1C"
"392","Boeing 707-436"
"393","Boeing 707-437"
"394","Boeing 707-441"
"395","Boeing 707-458"
"396","Boeing 717-231"
"397","Boeing 717-23S"
"398","Boeing 717-2K9"
"399","Boeing 720"
"400","Boeing 720-023B"
"401","Boeing 720-025"
"402","Boeing 720-030B"
"403","Boeing 720-040B"
"404","Boeing 720-047B"
"405","Boeing 720-051B"
"406","Boeing 720-059B"
"407","Boeing 720-060B"
"408","Boeing 720B"
"409","Boeing 727"
"410","Boeing 727-022 (WL)"
"411","Boeing 727-023"
"412","Boeing 727-051"
"413","Boeing 727-113C"
"414","Boeing 727-114"
"415","Boeing 727-116"
"416","Boeing 727-121C"
"417","Boeing 727-134"
"418","Boeing 727-14"
"419","Boeing 727-171C"
"420","Boeing 727-172C"
"421","Boeing 727-193"
"422","Boeing 727-1F8"
"423","Boeing 727-200"
"424","Boeing 727-21"
"425","Boeing 727-212"
"426","Boeing 727-214"
"427","Boeing 727-21F"
"428","Boeing 727-22"
"429","Boeing 727-221F"
"430","Boeing 727-222"
"431","Boeing 727-223"
"432","Boeing 727-223F"
"433","Boeing 727-224"
"434","Boeing 727-224 Adv."
"435","Boeing 727-225"
"436","Boeing 727-225F"
"437","Boeing 727-227"
"438","Boeing 727-228"
"439","Boeing 727-228F"
"440","Boeing 727-22C"
"441","Boeing 727-22F"
"442","Boeing 727-22QC"
"443","Boeing 727-23"
"444","Boeing 727-230"
"445","Boeing 727-231"
"446","Boeing 727-231F Super 27"
"447","Boeing 727-232"
"448","Boeing 727-232F"
"449","Boeing 727-235"
"450","Boeing 727-23F"
"451","Boeing 727-243"
"452","Boeing 727-243F"
"453","Boeing 727-247"
"454","Boeing 727-24C"
"455","Boeing 727-25"
"456","Boeing 727-251"
"457","Boeing 727-256"
"458","Boeing 727-256 (Adv)"
"459","Boeing 727-259"
"460","Boeing 727-260"
"461","Boeing 727-264"
"462","Boeing 727-276 Adv."
"463","Boeing 727-277"
"464","Boeing 727-27C"
"465","Boeing 727-281"
"466","Boeing 727-282"
"467","Boeing 727-286"
"468","Boeing 727-287"
"469","Boeing 727-2A7"
"470","Boeing 727-2B6"
"471","Boeing 727-2D3"
"472","Boeing 727-2D6"
"473","Boeing 727-2F2"
"474","Boeing 727-2F2F"
"475","Boeing 727-2H3"
"476","Boeing 727-2H9"
"477","Boeing 727-2J0"
"478","Boeing 727-2J0 (F) Adv."
"479","Boeing 727-2J0 Adv."
"480","Boeing 727-2K3"
"481","Boeing 727-2L5"
"482","Boeing 727-2M7"
"483","Boeing 727-2M7F"
"484","Boeing 727-2N8"
"485","Boeing 727-30"
"486","Boeing 727-30C"
"487","Boeing 727-31"
"488","Boeing 727-41"
"489","Boeing 727-44"
"490","Boeing 727-44F"
"491","Boeing 727-46"
"492","Boeing 727-46F"
"493","Boeing 727-51"
"494","Boeing 727-51C"
"495","Boeing 727-59"
"496","Boeing 727-61"
"497","Boeing 727-64"
"498","Boeing 727-76"
"499","Boeing 727-78"
"500","Boeing 727-81"
"501","Boeing 727-82"
"502","Boeing 727-82C"
"503","Boeing 727-86"
"504","Boeing 727-89"
"505","Boeing 727-90C"
"506","Boeing 727-92C"
"507","Boeing 727-95"
"508","Boeing 737"
"509","Boeing 737 or 757"
"510","Boeing 737-112"
"511","Boeing 737-130"
"512","Boeing 737-159"
"513","Boeing 737-200"
"514","Boeing 737-201"
"515","Boeing 737-201 Adv."
"516","Boeing 737-204"
"517","Boeing 737-204 Adv."
"518","Boeing 737-204C"
"519","Boeing 737-205"
"520","Boeing 737-209"
"521","Boeing 737-210C"
"522","Boeing 737-219"
"523","Boeing 737-222"
"524","Boeing 737-228"
"525","Boeing 737-229C"
"526","Boeing 737-230"
"527","Boeing 737-230 Adv."
"528","Boeing 737-230C"
"529","Boeing 737-236"
"530","Boeing 737-236A"
"531","Boeing 737-241"
"532","Boeing 737-242 Adv."
"533","Boeing 737-242C"
"534","Boeing 737-244"
"535","Boeing 737-247"
"536","Boeing 737-248"
"537","Boeing 737-248C"
"538","Boeing 737-260"
"539","Boeing 737-260 Adv."
"540","Boeing 737-266"
"541","Boeing 737-268"
"542","Boeing 737-268 Adv."
"543","Boeing 737-269"
"544","Boeing 737-270"
"545","Boeing 737-270C"
"546","Boeing 737-275"
"547","Boeing 737-281"
"548","Boeing 737-282 Adv."
"549","Boeing 737-284"
"550","Boeing 737-287"
"551","Boeing 737-287C"
"552","Boeing 737-291"
"553","Boeing 737-293"
"554","Boeing 737-296"
"555","Boeing 737-297"
"556","Boeing 737-2A1"
"557","Boeing 737-2A1C"
"558","Boeing 737-2A8"
"559","Boeing 737-2A8 Advanced"
"560","Boeing 737-2A8F"
"561","Boeing 737-2A9"
"562","Boeing 737-2B1"
"563","Boeing 737-2B7"
"564","Boeing 737-2C3"
"565","Boeing 737-2D6C"
"566","Boeing 737-2E1F"
"567","Boeing 737-2F9"
"568","Boeing 737-2H4"
"569","Boeing 737-2H6"
"570","Boeing 737-2J8C"
"571","Boeing 737-2K2C"
"572","Boeing 737-2K3"
"573","Boeing 737-2K6"
"574","Boeing 737-2K9"
"575","Boeing 737-2L9"
"576","Boeing 737-2M2"
"577","Boeing 737-2M2C"
"578","Boeing 737-2P5"
"579","Boeing 737-2P6"
"580","Boeing 737-2Q3"
"581","Boeing 737-2R4C"
"582","Boeing 737-2R8C"
"583","Boeing 737-2T2"
"584","Boeing 737-2T4"
"585","Boeing 737-2V2"
"586","Boeing 737-2X6C"
"587","Boeing 737-2Y5"
"588","Boeing 737-300"
"589","Boeing 737-301"
"590","Boeing 737-301 (SF)"
"591","Boeing 737-301F"
"592","Boeing 737-306"
"593","Boeing 737-317"
"594","Boeing 737-31B"
"595","Boeing 737-31S"
"596","Boeing 737-322"
"597","Boeing 737-322 (SF)"
"598","Boeing 737-322 (WL)"
"599","Boeing 737-330"
"600","Boeing 737-33A"
"601","Boeing 737-33A (QC)"
"602","Boeing 737-33V"
"603","Boeing 737-347 (SF)"
"604","Boeing 737-36M"
"605","Boeing 737-36N"
"606","Boeing 737-36Q (WL)"
"607","Boeing 737-38J"
"608","Boeing 737-3A4"
"609","Boeing 737-3B7"
"610","Boeing 737-3B7SF"
"611","Boeing 737-3G7"
"612","Boeing 737-3H4"
"613","Boeing 737-3H4 (WL)"
"614","Boeing 737-3K2"
"615","Boeing 737-3K9"
"616","Boeing 737-3L9"
"617","Boeing 737-3M8"
"618","Boeing 737-3Q8"
"619","Boeing 737-3Q8BDSF"
"620","Boeing 737-3T0"
"621","Boeing 737-3T5"
"622","Boeing 737-3W0"
"623","Boeing 737-3Y0"
"624","Boeing 737-401"
"625","Boeing 737-406"
"626","Boeing 737-408"
"627","Boeing 737-43QSF"
"628","Boeing 737-46J"
"629","Boeing 737-476 (SF)"
"630","Boeing 737-476SF"
"631","Boeing 737-490"
"632","Boeing 737-497"
"633","Boeing 737-49R"
"634","Boeing 737-4B6"
"635","Boeing 737-4D7"
"636","Boeing 737-4H6"
"637","Boeing 737-4L7"
"638","Boeing 737-4M0"
"639","Boeing 737-4Q8"
"640","Boeing 737-4Q8 (SF)"
"641","Boeing 737-4U3"
"642","Boeing 737-4Y0"
"643","Boeing 737-500 ?"
"644","Boeing 737-505"
"645","Boeing 737-524"
"646","Boeing 737-529"
"647","Boeing 737-53A"
"648","Boeing 737-566"
"649","Boeing 737-58E"
"650","Boeing 737-59D"
"651","Boeing 737-5L9"
"652","Boeing 737-5U3"
"653","Boeing 737-6D6"
"654","Boeing 737-73V"
"655","Boeing 737-73V (WL)"
"656","Boeing 737-75B"
"657","Boeing 737-76J (WL)"
"658","Boeing 737-76N"
"659","Boeing 737-76N (WL)"
"660","Boeing 737-7H4 (WL)"
"661","Boeing 737-7L9 (WL)"
"662","Boeing 737-7Q8"
"663","Boeing 737-7Q8 (WL)"
"664","Boeing 737-800"
"665","Boeing 737-809"
"666","Boeing 737-823 (WL)"
"667","Boeing 737-82R"
"668","Boeing 737-82R (WL)"
"669","Boeing 737-852"
"670","Boeing 737-85C (WL)"
"671","Boeing 737-85P"
"672","Boeing 737-85R"
"673","Boeing 737-85R (WL)"
"674","Boeing 737-86J (WL)"
"675","Boeing 737-86N"
"676","Boeing 737-86N (WL)"
"677","Boeing 737-881 (WL)"
"678","Boeing 737-883"
"679","Boeing 737-8AL"
"680","Boeing 737-8AS"
"681","Boeing 737-8AS (WL)"
"682","Boeing 737-8B6"
"683","Boeing 737-8BK (WL)"
"684","Boeing 737-8CT (WL)"
"685","Boeing 737-8D6"
"686","Boeing 737-8EH"
"687","Boeing 737-8F2"
"688","Boeing 737-8F2 (WL)"
"689","Boeing 737-8FB (WL)"
"690","Boeing 737-8FE (WL)"
"691","Boeing 737-8FH (WL)"
"692","Boeing 737-8GK (WL)"
"693","Boeing 737-8GP (WL)"
"694","Boeing 737-8H4 (WL)"
"695","Boeing 737-8H6 (WL)"
"696","Boeing 737-8HG (WL)"
"697","Boeing 737-8K2 (WL)"
"698","Boeing 737-8KN (WL)"
"699","Boeing 737-8Q8 (WL)"
"700","Boeing 737-924ER (WL)"
"701","Boeing 737-95R"
"702","Boeing 737-9B5"
"703","Boeing 737-9GPER"
"704","Boeing 737-9GPER (WL)"
"705","Boeing 747"
"706","Boeing 747 or 777"
"707","Boeing 747-121"
"708","Boeing 747-121 (SCD)"
"709","Boeing 747-121A"
"710","Boeing 747-121SF"
"711","Boeing 747-122"
"712","Boeing 747-123F (SCD)"
"713","Boeing 747-128"
"714","Boeing 747-130"
"715","Boeing 747-131"
"716","Boeing 747-131F"
"717","Boeing 747-132SF"
"718","Boeing 747-136"
"719","Boeing 747-151"
"720","Boeing 747-168B"
"721","Boeing 747-200"
"722","Boeing 747-206B"
"723","Boeing 747-209B"
"724","Boeing 747-209F"
"725","Boeing 747-212BSF"
"726","Boeing 747-219B"
"727","Boeing 747-228B"
"728","Boeing 747-228B (SCD)"
"729","Boeing 747-228F"
"730","Boeing 747-228F (SCD)"
"731","Boeing 747-230B"
"732","Boeing 747-230F"
"733","Boeing 747-230F (SCD)"
"734","Boeing 747-236B"
"735","Boeing 747-237B"
"736","Boeing 747-238B"
"737","Boeing 747-243B"
"738","Boeing 747-244B"
"739","Boeing 747-244BSF"
"740","Boeing 747-246B"
"741","Boeing 747-246F"
"742","Boeing 747-246F (SCD)"
"743","Boeing 747-249F"
"744","Boeing 747-251B"
"745","Boeing 747-258C"
"746","Boeing 747-258F"
"747","Boeing 747-267B"
"748","Boeing 747-269B"
"749","Boeing 747-271C (SCD)"
"750","Boeing 747-281BSF"
"751","Boeing 747-281F (SCD)"
"752","Boeing 747-282B"
"753","Boeing 747-283B"
"754","Boeing 747-2B5B"
"755","Boeing 747-2B5F (SCD)"
"756","Boeing 747-2D7B"
"757","Boeing 747-2F6B"
"758","Boeing 747-2H7B (SCD)"
"759","Boeing 747-2R7F"
"760","Boeing 747-2U3B"
"761","Boeing 747-2U3BSF"
"762","Boeing 747-306M"
"763","Boeing 747-312"
"764","Boeing 747-357"
"765","Boeing 747-368"
"766","Boeing 747-3B3"
"767","Boeing 747-3B5"
"768","Boeing 747-406"
"769","Boeing 747-409"
"770","Boeing 747-412"
"771","Boeing 747-412F"
"772","Boeing 747-422"
"773","Boeing 747-428"
"774","Boeing 747-428BCF"
"775","Boeing 747-428FER"
"776","Boeing 747-430"
"777","Boeing 747-436"
"778","Boeing 747-438"
"779","Boeing 747-44AF (SCD)"
"780","Boeing 747-451"
"781","Boeing 747-45EF"
"782","Boeing 747-481D"
"783","Boeing 747-48EF"
"784","Boeing 747-4B5"
"785","Boeing 747-4R7F"
"786","Boeing 747SP-09"
"787","Boeing 747SP-21"
"788","Boeing 747SP-44"
"789","Boeing 747SP-86"
"790","Boeing 747SR-46"
"791","Boeing 747SR-81"
"792","Boeing 757-200"
"793","Boeing 757-204"
"794","Boeing 757-21B"
"795","Boeing 757-222"
"796","Boeing 757-223"
"797","Boeing 757-223 (WL)"
"798","Boeing 757-225"
"799","Boeing 757-232"
"800","Boeing 757-232 (WL)"
"801","Boeing 757-23A"
"802","Boeing 757-23APF"
"803","Boeing 757-24APF"
"804","Boeing 757-258ER"
"805","Boeing 757-25C"
"806","Boeing 757-260"
"807","Boeing 757-28A (PCF)"
"808","Boeing 757-2B7 (WL)"
"809","Boeing 757-2K2"
"810","Boeing 757-2Q8"
"811","Boeing 757-2Z0"
"812","Boeing 757-3E7"
"813","Boeing 767"
"814","Boeing 767-219ER"
"815","Boeing 767-222"
"816","Boeing 767-223ER"
"817","Boeing 767-231ER"
"818","Boeing 767-233"
"819","Boeing 767-241ER"
"820","Boeing 767-260ER"
"821","Boeing 767-269"
"822","Boeing 767-281"
"823","Boeing 767-281SF"
"824","Boeing 767-283ER"
"825","Boeing 767-2B7ER"
"826","Boeing 767-2J6ER"
"827","Boeing 767-2S1ER"
"828","Boeing 767-31KER"
"829","Boeing 767-323"
"830","Boeing 767-323ER"
"831","Boeing 767-323ER (WL)"
"832","Boeing 767-324ER"
"833","Boeing 767-324ER (WL)"
"834","Boeing 767-330ER"
"835","Boeing 767-332ER"
"836","Boeing 767-332ER (WL)"
"837","Boeing 767-338ER"
"838","Boeing 767-338ER (WL)"
"839","Boeing 767-33AER"
"840","Boeing 767-34AF"
"841","Boeing 767-34AFER (WL)"
"842","Boeing 767-35DER"
"843","Boeing 767-366ER"
"844","Boeing 767-36NER"
"845","Boeing 767-375ER"
"846","Boeing 767-381ER"
"847","Boeing 767-38E"
"848","Boeing 767-38EER"
"849","Boeing 767-3BGER"
"850","Boeing 767-3D6"
"851","Boeing 767-3P6ER"
"852","Boeing 767-3Q8ER"
"853","Boeing 767-3W0ER"
"854","Boeing 767-3Y0ER"
"855","Boeing 767-3Z9ER"
"856","Boeing 777-222ER"
"857","Boeing 777-236"
"858","Boeing 777-236ER"
"859","Boeing 777-246ER"
"860","Boeing 777-266ER"
"861","Boeing 777-268"
"862","Boeing 777-281"
"863","Boeing 777-28EER"
"864","Boeing 777-2B5ER"
"865","Boeing 777-2H6ER"
"866","Boeing 777-312ER"
"867","Boeing 777-328ER"
"868","Boeing 777-333ER"
"869","Boeing 777-340ER"
"870","Boeing 777-35EER"
"871","Boeing 777-367ER"
"872","Boeing 777-36NER"
"873","Boeing 777-3B5"
"874","Boeing 777-3DZER"
"875","Boeing 777-3F2ER"
"876","Boeing 777-F6N"
"877","Boeing 787-8 Dreamliner"
"878","Boeing 80"
"879","Boeing C-135A Stratolifter"
"880","Boeing C-135B Stratolifter"
"881","Boeing C-97A Stratofreighter"
"882","Boeing C-97G Stratofreighter"
"883","Boeing E-3A Sentry (707-300B)"
"884","Boeing E-3C Sentry (707-300)"
"885","Boeing E-8C (707)"
"886","Boeing EC-135C"
"887","Boeing EC-135J"
"888","Boeing EC-135K"
"889","Boeing EC-135N"
"890","Boeing KC-135A Stratotanker"
"891","Boeing KC-135E Stratotanker"
"892","Boeing KC-135Q Stratotanker"
"893","Boeing KC-135R Stratotanker"
"894","Boeing KC-137E (707-324C)"
"895","Boeing KC-97F Stratofreighter"
"896","Boeing KC-97G Stratofreighter"
"897","Boeing KC-97L Stratotanker"
"898","Boeing NKC-135A"
"899","Boeing RC-135E Rivet Amber"
"900","Boeing RC-135S Rivet Ball"
"901","Boeing RC-135T Rivet Dandy"
"902","Boeing RC-135V Rivet Joint"
"903","Boeing S.307 Stratoliner"
"904","Boeing S.307B Stratoliner"
"905","Boeing S.307B-1 Stratoliner"
"906","Bombardier  Challenger 300"
"907","Bombardier  Global 5000"
"908","Bombardier  Global 6000"
"909","Bombardier  Global Express"
"910","Bombardier Challenger 605"
"911","Bombardier CRJ-701ER"
"912","Bombardier CRJ-900ER"
"913","Bombardier DHC-8-402Q Dash 8"
"914","Breguet 1150 Atlantic"
"915","Breguet 730"
"916","Breguet 761S"
"917","Breguet SP-13A Atlantic"
"918","Bristol 170 Freighter 21"
"919","Bristol 170 Freighter 21E"
"920","Bristol 170 Freighter 31"
"921","Bristol 170 Freighter 31E"
"922","Bristol 170 Freighter 31M"
"923","Bristol 170 Freighter IA"
"924","Bristol 170 Freighter XI"
"925","Bristol 170 Wayfarer IIA"
"926","Bristol 175 Britannia 101"
"927","Bristol 175 Britannia 102"
"928","Bristol 175 Britannia 301"
"929","Bristol 175 Britannia 308F"
"930","Bristol 175 Britannia 312"
"931","Bristol 175 Britannia 313"
"932","Bristol 175 Britannia 314"
"933","Bristol 175 Britannia 318"
"934","Bristol 175 Britannia C.1"
"935","British Aerospace ATP"
"936","British Aerospace ATP-F"
"937","British Aerospace ATP-F (LFD)"
"938","British Aerospace Nimrod MR.2"
"939","British Aerospace Nimrod MR.2P"
"940","British Aerospace Nimrod R.1P"
"941","Budd RB-1 Conestoga"
"942","Bushmaster 2000"
"943","C-115 Buffalo (DHC-5)"
"944","C-17A Globemaster III"
"945","C-7A Caribou"
"946","C-7B Caribou"
"947","Canadair C-4 Argonaut"
"948","Canadair C-4-1 North Star"
"949","Canadair C-54GM North Star"
"950","Canadair CC-106 Yukon (CL-44)"
"951","Canadair CC-109 Cosmopolitan"
"952","Canadair CC-144A Challenger 600"
"953","Canadair CC-144A Challenger 601"
"954","Canadair Challenger 601-3A"
"955","Canadair Challenger 601-3R"
"956","Canadair Challenger 604"
"957","Canadair CL-215"
"958","Canadair CL-415"
"959","Canadair CL-44D4"
"960","Canadair CL-44D4-1"
"961","Canadair CL-44D4-2"
"962","Canadair CL-44D4-6"
"963","Canadair CL-44J"
"964","Canadair CL-600 Challenger 600"
"965","Canadair CL-600 Challenger 601"
"966","Canadair CRJ-100"
"967","Canadair CRJ-100ER"
"968","Canadair CRJ-100LR"
"969","Canadair CRJ-100SE"
"970","Canadair CRJ-200ER"
"971","Canadair CRJ-200LR"
"972","Canadair CRJ-200PF"
"973","Canadair CRJ-440LR"
"974","Canadair CRJ-702ER"
"975","Canadair CRJ-900ER"
"976","Canadair DC-4M1 North Star"
"977","Canadair DC-4M2 North Star"
"978","CANT Z.506"
"979","Carstedt Jet Liner 600A"
"980","Carstedt Jet Liner 600F"
"981","CASA 352 (Junkers Ju-52)"
"982","CASA C-207C (T.7) Azor"
"983","CASA C-212 Aviocar 100"
"984","CASA C-212 Aviocar 200"
"985","CASA C-212 Aviocar 300"
"986","CASA C-212 Aviocar 300DF"
"987","CASA C-212 Aviocar 400"
"988","CASA C-212-A2 Aviocar 100"
"989","CASA C-212-CC40 Aviocar 200"
"990","CASA C-212-M Aviocar 100"
"991","CASA C-212-M Aviocar 300"
"992","CASA C-212A-27 Aviocar 200"
"993","CASA C-295M"
"994","CASA CN-235-200"
"995","CASA CN-235M-200"
"996","CASA CN-235M-300"
"997","CASA/IPTN NC-212 Aviocar 200"
"998","CASA/Nurtanio NC-212 Aviocar"
"999","CC-108 Caribou"
"1000","Cessna 208 Caravan"
"1001","Cessna 208 Caravan I"
"1002","Cessna 208A Caravan 675"
"1003","Cessna 208A Caravan I"
"1004","Cessna 208A Cargomaster"
"1005","Cessna 208B Grand Caravan"
"1006","Cessna 208B Grand Caravan EX"
"1007","Cessna 208B Super Cargomaster"
"1008","Cessna 208B Supervan 900"
"1009","Cessna 500 Citation I"
"1010","Cessna 500 Citation I Sierra Eagle"
"1011","Cessna 501 Citation I/SP"
"1012","Cessna 510 Citation Mustang"
"1013","Cessna 525 Citation M2"
"1014","Cessna 525 CitationJet"
"1015","Cessna 525 CitationJet"
"1016","Cessna 525 CitationJet CJ1"
"1017","Cessna 525 CitationJet CJ1+"
"1018","Cessna 525A CitationJet CJ2"
"1019","Cessna 525A CitationJet CJ2+"
"1020","Cessna 525B CitationJet CJ3"
"1021","Cessna 525B CitationJet CJ3+"
"1022","Cessna 525C Citation CJ4"
"1023","Cessna 550 Citation Bravo"
"1024","Cessna 550 Citation II"
"1025","Cessna 550 Citation S/II"
"1026","Cessna 550B Citation Bravo"
"1027","Cessna 551 Citation II/SP"
"1028","Cessna 560 Citation Encore"
"1029","Cessna 560 Citation Encore+"
"1030","Cessna 560 Citation Ultra"
"1031","Cessna 560 Citation V"
"1032","Cessna 560XL Citation Excel"
"1033","Cessna 560XL Citation XLS"
"1034","Cessna 560XLS+ Citation XLS+"
"1035","Cessna 650 Citation III"
"1036","Cessna 650 Citation VI"
"1037","Cessna 650 Citation VII"
"1038","Cessna 750 Citation X"
"1039","Cessna F406 Caravan II"
"1040","Cessna S550 Citation S/II"
"1041","Cessna T-47A Citation II"
"1042","Cessna UC-35A (Cessna 560 Citation"
"1043","Chase YC-122C Avitruc"
"1044","Consolidated 16 Commodore"
"1045","Consolidated 28-5MC Canso A"
"1046","Consolidated 28-5MNE Catalina"
"1047","Consolidated 32-2 Liberator II"
"1048","Consolidated C-109 Liberator Expres"
"1049","Consolidated C-10A Catalina (PBY-5A"
"1050","Consolidated C-87 Liberator Express"
"1051","Consolidated Canso A"
"1052","Consolidated Catalina"
"1053","Consolidated Catalina GR.IIA"
"1054","Consolidated Catalina I"
"1055","Consolidated Catalina III"
"1056","Consolidated Catalina IVA"
"1057","Consolidated Catalina IVB"
"1058","Consolidated Liberator C Mk VI"
"1059","Consolidated P4Y-2 Privateer"
"1060","Consolidated P4Y-2B Privateer"
"1061","Consolidated P4Y-2G Privateer"
"1062","Consolidated PB4Y-2 Super Privateer"
"1063","Consolidated PBY-2 Catalina"
"1064","Consolidated PBY-4 Catalina"
"1065","Consolidated PBY-5 Catalina"
"1066","Consolidated PBY-5A Catalina"
"1067","Consolidated PBY-5A Catalina"
"1068","Consolidated PBY-6A Catalina"
"1069","Consolidated Vultee PBY-6A Catalina"
"1070","Convair"
"1071","Convair C-131E (CV-440)"
"1072","Convair CV-240"
"1073","Convair CV-240-0"
"1074","Convair CV-240-1"
"1075","Convair CV-240-12"
"1076","Convair CV-240-13"
"1077","Convair CV-240-17"
"1078","Convair CV-240-2"
"1079","Convair CV-240-23"
"1080","Convair CV-240-24"
"1081","Convair CV-240-27"
"1082","Convair CV-240-4"
"1083","Convair CV-240-5"
"1084","Convair CV-240-53"
"1085","Convair CV-240-53 (C-131A)"
"1086","Convair CV-240-6"
"1087","Convair CV-240-7"
"1088","Convair CV-240-8"
"1089","Convair CV-240D (T-29)"
"1090","Convair CV-300"
"1091","Convair CV-340"
"1092","Convair CV-340 or CV-440"
"1093","Convair CV-340-31"
"1094","Convair CV-340-32"
"1095","Convair CV-340-35"
"1096","Convair CV-340-38"
"1097","Convair CV-340-58"
"1098","Convair CV-340-59"
"1099","Convair CV-340-68B"
"1100","Convair CV-340-70"
"1101","Convair CV-340-71"
"1102","Convair CV-440"
"1103","Convair CV-440-0"
"1104","Convair CV-440-11"
"1105","Convair CV-440-12"
"1106","Convair CV-440-38"
"1107","Convair CV-440-59"
"1108","Convair CV-440-62"
"1109","Convair CV-440-75"
"1110","Convair CV-440-86"
"1111","Convair CV-440F SCD"
"1112","Convair CV-580"
"1113","Convair CV-580 Airtanker"
"1114","Convair CV-580-11-A"
"1115","Convair CV-580F"
"1116","Convair CV-580F SCD"
"1117","Convair CV-600"
"1118","Convair CV-640"
"1119","Convair CV-880"
"1120","Convair CV-990"
"1121","Convair R4Y-1Z (CV-340)"
"1122","Convair T-29A (CV-240)"
"1123","Convair T-29B (CV-240)"
"1124","Convair T-29D (CV-240)"
"1125","Convair VC-131H Samaritan (CV-580)"
"1126","Convair VT-29A (CV-240)"
"1127","Convair VT-29C (CV-240)"
"1128","CSR-123 Otter (DHC-3)"
"1129","CT-39A Sabreliner"
"1130","CT-39A-1-NA Sabreliner"
"1131","CT-39A-1-NO Sabreliner"
"1132","Curtiss AT-32A Condor II"
"1133","Curtiss AT-32B Condor II"
"1134","Curtiss AT-32C Condor II"
"1135","Curtiss AT-32D Condor II"
"1136","Curtiss C-46"
"1137","Curtiss C-46 Super C"
"1138","Curtiss C-46A"
"1139","Curtiss C-46D"
"1140","Curtiss C-46E"
"1141","Curtiss C-46F"
"1142","Curtiss C-46R"
"1143","Curtiss Condor 18"
"1144","Curtiss R5C-1 (C-46)"
"1145","Curtiss R5C-1 (C-46A)"
"1146","Curtiss T-32 Condor II"
"1147","Curtiss T-32C Condor II"
"1148","CV-2A Caribou"
"1149","CV-2B Caribou"
"1150","Dassault Falcon 10"
"1151","Dassault Falcon 100"
"1152","Dassault Falcon 20"
"1153","Dassault Falcon 200"
"1154","Dassault Falcon 2000"
"1155","Dassault Falcon 20C"
"1156","Dassault Falcon 20C-5"
"1157","Dassault Falcon 20D"
"1158","Dassault Falcon 20DC"
"1159","Dassault Falcon 20E"
"1160","Dassault Falcon 20F"
"1161","Dassault Falcon 20F-5"
"1162","Dassault Falcon 50"
"1163","Dassault Falcon 50EX"
"1164","Dassault Falcon 7X"
"1165","Dassault Falcon 900"
"1166","Dassault Falcon 900C"
"1167","Dassault Falcon 900EX"
"1168","DC 10-10"
"1169","DC-10"
"1170","DC-10-10"
"1171","DC-10-10CF"
"1172","DC-10-10F"
"1173","DC-10-30"
"1174","DC-10-30CF"
"1175","DC-10-30ER"
"1176","DC-10-30F"
"1177","DC-10-40"
"1178","DC-8"
"1179","DC-8-53"
"1180","DC-8-54F"
"1181","DC-8-55F"
"1182","DC-8-61"
"1183","DC-8-61F"
"1184","DC-8-62"
"1185","DC-8-62AF"
"1186","DC-8-62F"
"1187","DC-8-62H"
"1188","DC-8-62H-AF"
"1189","DC-8-63"
"1190","DC-8-63AF"
"1191","DC-8-63CF"
"1192","DC-8-63F"
"1193","DC-8-63PF"
"1194","DC-8-71F"
"1195","DC-8-73CF"
"1196","DC-9"
"1197","DC-9-14"
"1198","DC-9-15"
"1199","DC-9-15MC"
"1200","DC-9-15RC"
"1201","DC-9-21"
"1202","DC-9-31"
"1203","DC-9-31F"
"1204","DC-9-32"
"1205","DC-9-32CF"
"1206","DC-9-33CF"
"1207","DC-9-33RC"
"1208","DC-9-41"
"1209","DC-9-51"
"1210","DC-9-80 (MD-80)"
"1211","DC-9-81 (MD-81)"
"1212","DC-9-82 (MD-82)"
"1213","DC-9-83 (MD-83)"
"1214","DC-9-87 (MD-87)"
"1215","de Havilland DH-106 Comet 1"
"1216","de Havilland DH-106 Comet 1A"
"1217","de Havilland DH-106 Comet 2R"
"1218","de Havilland DH-106 Comet 3B"
"1219","de Havilland DH-106 Comet 4"
"1220","de Havilland DH-106 Comet 4B"
"1221","de Havilland DH-106 Comet 4C"
"1222","de Havilland DH-114 Heron"
"1223","de Havilland DH-114 Heron 1B"
"1224","de Havilland DH-114 Heron 2B"
"1225","de Havilland DH-114 Heron 2D"
"1226","de Havilland DH-114 Prinair Heron 2"
"1227","de Havilland DH-114 Riley Heron 2"
"1228","de Havilland DH-114 Riley Heron 2D"
"1229","de Havilland DH-125-1"
"1230","de Havilland DH-125-1A"
"1231","de Havilland DH-125-1A/522"
"1232","de Havilland DH-125-400A"
"1233","de Havilland DH.66 Hercules"
"1234","de Havilland DH.86 Express"
"1235","de Havilland DH.86A Express"
"1236","de Havilland DH.86B Express"
"1237","de Havilland DH.91 Albatross"
"1238","Dewoitine D.332"
"1239","Dewoitine D.338"
"1240","DHC-3 Otter"
"1241","DHC-3T Cox Turbine Otter"
"1242","DHC-3T Texas Turbine Otter"
"1243","DHC-3T Vazar Turbine Otter"
"1244","DHC-3T/M601 Turbine Otter"
"1245","DHC-4 Caribou"
"1246","DHC-4A Caribou"
"1247","DHC-4T Caribou"
"1248","DHC-5 Buffalo"
"1249","DHC-5D Buffalo"
"1250","DHC-6 Twin Otter"
"1251","DHC-6 Twin Otter 100"
"1252","DHC-6 Twin Otter 200"
"1253","DHC-6 Twin Otter 300"
"1254","DHC-6 Twin Otter 310"
"1255","DHC-6 Twin Otter 320"
"1256","DHC-6 Vista Liner 300"
"1257","DHC-7-102"
"1258","DHC-7-102 (O-5A)"
"1259","DHC-7-103"
"1260","DHC-8-101"
"1261","DHC-8-102"
"1262","DHC-8-103"
"1263","DHC-8-103B"
"1264","DHC-8-106"
"1265","DHC-8-110"
"1266","DHC-8-202"
"1267","DHC-8-202Q"
"1268","DHC-8-202Q Dash 8"
"1269","DHC-8-300"
"1270","DHC-8-301"
"1271","DHC-8-301 Dash 8"
"1272","DHC-8-311"
"1273","DHC-8-311Q"
"1274","DHC-8-311Q Dash 8"
"1275","DHC-8-315 Dash 8"
"1276","DHC-8-315 Q300"
"1277","DHC-8-315Q Dash 8"
"1278","DHC-8-315Q MPA"
"1279","DHC-8-401 Q400"
"1280","DHC-8-402 Q400"
"1281","DHC-8-402Q Dash 8"
"1282","Dornier 228-100"
"1283","Dornier 228-101"
"1284","Dornier 228-201"
"1285","Dornier 228-202"
"1286","Dornier 228-202K"
"1287","Dornier 228-212"
"1288","Dornier 228-212K"
"1289","Dornier 328-100"
"1290","Dornier 328-110"
"1291","Dornier 328-120"
"1292","Dornier 328JET-300"
"1293","Dornier 328JET-310"
"1294","Dornier Do 128-2 Skyservant"
"1295","Dornier Do 128-6 Turbo Skyservant"
"1296","Dornier Do 28D-1 Skyservant"
"1297","Dornier Do 28D-2 Skyservant"
"1298","Dornier Do R4 Superwal"
"1299","Douglas AC-47D Spooky"
"1300","Douglas C-117B (DC-3)"
"1301","Douglas C-117D Super DC-3"
"1302","Douglas C-118A (DC-6)"
"1303","Douglas C-118A Liftmaster (DC-6A)"
"1304","Douglas C-124A Globemaster II"
"1305","Douglas C-124A-DL Globemaster II"
"1306","Douglas C-124C Globemaster II"
"1307","Douglas C-133A Cargomaster"
"1308","Douglas C-133A-30-DL Cargomaster"
"1309","Douglas C-133B-DL Cargomaster"
"1310","Douglas C-33 (DC-2)"
"1311","Douglas C-39 (DC-2)"
"1312","Douglas C-47 (DC-3)"
"1313","Douglas C-47 (VC-117B) (DC-3)"
"1314","Douglas C-47 Dakota IV"
"1315","Douglas C-47A (DC-3)"
"1316","Douglas C-47B (DC-3)"
"1317","Douglas C-47D"
"1318","Douglas C-47D (DC-3)"
"1319","Douglas C-47E (DC-3)"
"1320","Douglas C-47J (DC-3)"
"1321","Douglas C-48 (DC-3)"
"1322","Douglas C-48A (DC-3C )"
"1323","Douglas C-48B (DC-3)"
"1324","Douglas C-48C (DC-3)"
"1325","Douglas C-49-DO (DC-3)"
"1326","Douglas C-49E (DC-3)"
"1327","Douglas C-49E (DC-3DST-144)"
"1328","Douglas C-49G (DC-3)"
"1329","Douglas C-49G-DO"
"1330","Douglas C-49G-DO (DC-3)"
"1331","Douglas C-49H"
"1332","Douglas C-49J"
"1333","Douglas C-49J (DC-3-454)"
"1334","Douglas C-49J (DC-3)"
"1335","Douglas C-49J-DO (DC-3-454)"
"1336","Douglas C-49K (DC-3)"
"1337","Douglas C-50A (DC-3-401)"
"1338","Douglas C-50A-DO (DC-3)"
"1339","Douglas C-50C"
"1340","Douglas C-53"
"1341","Douglas C-53 (DC-3)"
"1342","Douglas C-53 Skytrooper (DC-3)"
"1343","Douglas C-53-DO (DC-3)"
"1344","Douglas C-53B (DC-3)"
"1345","Douglas C-53C (DC-3)"
"1346","Douglas C-53D Skytrooper (DC-3)"
"1347","Douglas C-53D-DO (DC-3)"
"1348","Douglas C-54 (DC-4)"
"1349","Douglas C-54A (DC-4)"
"1350","Douglas C-54B (DC-4)"
"1351","Douglas C-54D (DC-4)"
"1352","Douglas C-54E (DC-4)"
"1353","Douglas C-54G (DC-4)"
"1354","Douglas C-54P (DC-4)"
"1355","Douglas C-54Q (DC-4)"
"1356","Douglas C-54Q Skymaster (DC-4)"
"1357","Douglas C-54R (DC-4)"
"1358","Douglas C-54S (DC-4)"
"1359","Douglas C-74 Globemaster I"
"1360","Douglas CC-129 Dakota (DC-3)"
"1361","Douglas Dakota C.3 (DC-3)"
"1362","Douglas Dakota I (DC-3)"
"1363","Douglas Dakota III (DC-3)"
"1364","Douglas Dakota IV (DC-3)"
"1365","Douglas DC-1-109"
"1366","Douglas DC-2-112"
"1367","Douglas DC-2-115B"
"1368","Douglas DC-2-115D"
"1369","Douglas DC-2-115E"
"1370","Douglas DC-2-115F"
"1371","Douglas DC-2-115K"
"1372","Douglas DC-2-115L"
"1373","Douglas DC-2-115M"
"1374","Douglas DC-2-118B"
"1375","Douglas DC-2-120"
"1376","Douglas DC-2-152"
"1377","Douglas DC-2-171"
"1378","Douglas DC-2-192"
"1379","Douglas DC-2-210"
"1380","Douglas DC-2-211"
"1381","Douglas DC-2-221"
"1382","Douglas DC-3"
"1383","Douglas DC-3 (R4D-1)"
"1384","Douglas DC-3 (Showa L2D)"
"1385","Douglas DC-3 Hiper"
"1386","Douglas DC-3-178"
"1387","Douglas DC-3-191A"
"1388","Douglas DC-3-194B"
"1389","Douglas DC-3-194C"
"1390","Douglas DC-3-194D"
"1391","Douglas DC-3-194F"
"1392","Douglas DC-3-194H"
"1393","Douglas DC-3-196"
"1394","Douglas DC-3-196A"
"1395","Douglas DC-3-197"
"1396","Douglas DC-3-201"
"1397","Douglas DC-3-201B"
"1398","Douglas DC-3-201C"
"1399","Douglas DC-3-201D"
"1400","Douglas DC-3-201E"
"1401","Douglas DC-3-201F"
"1402","Douglas DC-3-201G"
"1403","Douglas DC-3-208"
"1404","Douglas DC-3-208A"
"1405","Douglas DC-3-209"
"1406","Douglas DC-3-209A"
"1407","Douglas DC-3-216"
"1408","Douglas DC-3-220A"
"1409","Douglas DC-3-220B"
"1410","Douglas DC-3-227"
"1411","Douglas DC-3-227B"
"1412","Douglas DC-3-229"
"1413","Douglas DC-3-232"
"1414","Douglas DC-3-232A"
"1415","Douglas DC-3-268"
"1416","Douglas DC-3-268B"
"1417","Douglas DC-3-270"
"1418","Douglas DC-3-270B"
"1419","Douglas DC-3-277"
"1420","Douglas DC-3-277B"
"1421","Douglas DC-3-277C"
"1422","Douglas DC-3-313"
"1423","Douglas DC-3-313A"
"1424","Douglas DC-3-313D"
"1425","Douglas DC-3-314"
"1426","Douglas DC-3-322"
"1427","Douglas DC-3-382"
"1428","Douglas DC-3-392"
"1429","Douglas DC-3-454"
"1430","Douglas DC-3-455"
"1431","Douglas DC-3A"
"1432","Douglas DC-3A-191"
"1433","Douglas DC-3A-197"
"1434","Douglas DC-3A-197B"
"1435","Douglas DC-3A-197C"
"1436","Douglas DC-3A-197D"
"1437","Douglas DC-3A-228C"
"1438","Douglas DC-3A-228D"
"1439","Douglas DC-3A-228F"
"1440","Douglas DC-3A-269"
"1441","Douglas DC-3A-367"
"1442","Douglas DC-3A-399"
"1443","Douglas DC-3A-408"
"1444","Douglas DC-3A-414"
"1445","Douglas DC-3A-414A"
"1446","Douglas DC-3A-447"
"1447","Douglas DC-3A-453"
"1448","Douglas DC-3A-S1C3G"
"1449","Douglas DC-3B-202"
"1450","Douglas DC-3B-202A"
"1451","Douglas DC-3C"
"1452","Douglas DC-3D"
"1453","Douglas DC-3F"
"1454","Douglas DC-3S"
"1455","Douglas DC-4"
"1456","Douglas DC-4 (C-54A-15-DC)"
"1457","Douglas DC-4-1009"
"1458","Douglas DC-5-511"
"1459","Douglas DC-6"
"1460","Douglas DC-6A"
"1461","Douglas DC-6A/B"
"1462","Douglas DC-6B"
"1463","Douglas DC-6BF"
"1464","Douglas DC-7"
"1465","Douglas DC-7B"
"1466","Douglas DC-7C"
"1467","Douglas DC-7CF"
"1468","Douglas DC-8-11"
"1469","Douglas DC-8-12"
"1470","Douglas DC-8-21"
"1471","Douglas DC-8-31"
"1472","Douglas DC-8-32"
"1473","Douglas DC-8-33"
"1474","Douglas DC-8-33F"
"1475","Douglas DC-8-43"
"1476","Douglas DC-8-51"
"1477","Douglas DC-8-52"
"1478","Douglas DC-8-52F"
"1479","Douglas DC-8-53"
"1480","Douglas DC-8-54F"
"1481","Douglas DC-8-55"
"1482","Douglas DC-8-55F"
"1483","Douglas DC-9-14"
"1484","Douglas DC-9-15"
"1485","Douglas DC-9-15F"
"1486","Douglas DST-144 (DC-3)"
"1487","Douglas DST-318 (DC-3)"
"1488","Douglas DST-318A (DC-3)"
"1489","Douglas DST-A-207A (DC-3)"
"1490","Douglas DST-A-217A (DC-3)"
"1491","Douglas EC-47A"
"1492","Douglas EC-47P"
"1493","Douglas EC-47Q"
"1494","Douglas EC-54U (DC-4)"
"1495","Douglas HC-54D (DC-4)"
"1496","Douglas LC-47A (DC-3)"
"1497","Douglas LC-47H"
"1498","Douglas LC-47J"
"1499","Douglas MC-54M (DC-4)"
"1500","Douglas R2D-1 (DC-2)"
"1501","Douglas R3D-2 (DC-5)"
"1502","Douglas R4D-1 (DC-3)"
"1503","Douglas R4D-2 (DC-3)"
"1504","Douglas R4D-3 (DC-3)"
"1505","Douglas R4D-5 (DC-3)"
"1506","Douglas R4D-6 (DC-3)"
"1507","Douglas R4D-7 (DC-3)"
"1508","Douglas R4D-8 (Super DC-3)"
"1509","Douglas R4D-8L (Super DC-3)"
"1510","Douglas R5D-1 (DC-4)"
"1511","Douglas R5D-2 (C-54B)"
"1512","Douglas R5D-2 (DC-4)"
"1513","Douglas R5D-3 (C-54D)"
"1514","Douglas R5D-3 (DC-4)"
"1515","Douglas R6D-1 (DC-6)"
"1516","Douglas RC-47P"
"1517","Douglas RC-54V (DC-4)"
"1518","Douglas SC-47D"
"1519","Douglas SC-47D (DC-3)"
"1520","Douglas SC-54G (DC-4)"
"1521","Douglas Super R4D-8 (DC-3S)"
"1522","Douglas TC-47B (DC-3)"
"1523","Douglas TC-47K (DC-3)"
"1524","Douglas TS-62 (DC-3)"
"1525","Douglas VC-47A (DC-3)"
"1526","Douglas VC-47D (DC-3)"
"1527","Douglas YC-112A-DO (DC-6)"
"1528","Eclipse 500"
"1529","Embraer C-95 Bandeirante (EMB-110)"
"1530","Embraer C-95A Bandeirante (EMB-110K"
"1531","Embraer C-95B Bandeirante (EMB-110)"
"1532","Embraer C-95BM Bandeirante (EMB-110"
"1533","Embraer EMB-110 Bandeirante"
"1534","Embraer EMB-110C Bandeirante"
"1535","Embraer EMB-110EJ Bandeirante"
"1536","Embraer EMB-110P Bandeirante"
"1537","Embraer EMB-110P1 Bandeirante"
"1538","Embraer EMB-110P1A Bandeirante"
"1539","Embraer EMB-110P2 Bandeirante"
"1540","Embraer EMB-120ER Brasilia"
"1541","Embraer EMB-120RT Brasilia"
"1542","Embraer EMB-135BJ Legacy 600"
"1543","Embraer EMB-135LR (ERJ-135LR)"
"1544","Embraer EMB-145EP (ERJ-145EP)"
"1545","Embraer EMB-145ER (ERJ-145ER)"
"1546","Embraer EMB-145LI (ERJ-145LI)"
"1547","Embraer EMB-145LR (ERJ-145LR)"
"1548","Embraer EMB-145LU (ERJ-145LU)"
"1549","Embraer EMB-145MP (ERJ-145MP)"
"1550","Embraer EMB-550 Legacy 500"
"1551","Embraer ERJ-140 (ERJ-135KL)"
"1552","Embraer ERJ-145MP"
"1553","Embraer ERJ-170"
"1554","Embraer ERJ-175"
"1555","Embraer ERJ-190"
"1556","Embraer ERJ-190AR"
"1557","Embraer ERJ-195"
"1558","Embraer KC-390"
"1559","Embraer P-95B Bandeirulha (EMB-111)"
"1560","Embraer Phenom 100"
"1561","Embraer Phenom 300"
"1562","Excel-Jet Sport-Jet"
"1563","Fairchild C-119 Flying Boxcar"
"1564","Fairchild C-119B Flying Boxcar"
"1565","Fairchild C-119C Flying Boxcar"
"1566","Fairchild C-119F-FA Flying Boxcar"
"1567","Fairchild C-119G Flying Boxcar"
"1568","Fairchild C-119L Flying Boxcar"
"1569","Fairchild C-123B Provider"
"1570","Fairchild C-123J Provider"
"1571","Fairchild C-123K Provider"
"1572","Fairchild C-82A Packet"
"1573","Fairchild CC-119"
"1574","Fairchild F-27"
"1575","Fairchild F-27A"
"1576","Fairchild F-27B"
"1577","Fairchild F-27F"
"1578","Fairchild F-27J"
"1579","Fairchild F-27M"
"1580","Fairchild FH-227"
"1581","Fairchild FH-227B"
"1582","Fairchild FH-227C"
"1583","Fairchild FH-227D"
"1584","Fairchild FH-227E"
"1585","Fairchild R4Q-1 Flying Boxcar (C-11"
"1586","Fairchild R4Q-1 Packet (C-119C)"
"1587","Fairchild R4Q-2 Packet (C-119F)"
"1588","Fairchild UC-123B Provider"
"1589","Farman F.180T"
"1590","Farman F.60 Goliath"
"1591","Farman F.61 Goliath"
"1592","Farman F.63bis Goliath"
"1593","Fiat G.18V"
"1594","Fiat G.212CP"
"1595","Fiat G.212PW"
"1596","FMA IA 50 Guaraní II"
"1597","Focke-Wulf Fw 200A-0"
"1598","Focke-Wulf Fw 200C-4"
"1599","Fokker 100"
"1600","Fokker 50"
"1601","Fokker 50?"
"1602","Fokker 70"
"1603","Fokker F-27 Friendship"
"1604","Fokker F-27 Friendship 100"
"1605","Fokker F-27 Friendship 200"
"1606","Fokker F-27 Friendship 200MAR"
"1607","Fokker F-27 Friendship 300"
"1608","Fokker F-27 Friendship 400M"
"1609","Fokker F-27 Friendship 500"
"1610","Fokker F-27 Friendship 500CRF"
"1611","Fokker F-27 Friendship 500F"
"1612","Fokker F-27 Friendship 500RF"
"1613","Fokker F-27 Friendship 600"
"1614","Fokker F-27 Friendship 600RF"
"1615","Fokker F-28 Fellowship"
"1616","Fokker F-28 Fellowship 1000"
"1617","Fokker F-28 Fellowship 2000"
"1618","Fokker F-28 Fellowship 3000"
"1619","Fokker F-28 Fellowship 3000R"
"1620","Fokker F-28 Fellowship 3000RC"
"1621","Fokker F-28 Fellowship 4000"
"1622","Fokker F.VIII"
"1623","Fokker F.VIIIa"
"1624","Ford 4-AT-.  Tri-Motor"
"1625","Ford 4-AT-B Tri-Motor"
"1626","Ford 4-AT-E Tri-Motor"
"1627","Ford 5-AT Tri-Motor"
"1628","Ford 5-AT-A Tri-Motor"
"1629","Ford 5-AT-B Tri-Motor"
"1630","Ford 5-AT-C Tri-Motor"
"1631","Ford 5-AT-D Tri-Motor"
"1632","Ford 6-AT-AS Tri-Motor"
"1633","Ford Tri-Motor"
"1634","GAF Nomad N.22"
"1635","GAF Nomad N.22B"
"1636","GAF Nomad N.22BFP"
"1637","GAF Nomad N.22C"
"1638","GAF Nomad N.22S Searchmaster L"
"1639","GAF Nomad N.24"
"1640","GAF Nomad N.24A"
"1641","Grob G.180A SPn"
"1642","Grumman American G-1159 Gulfstream"
"1643","Grumman C-2A Greyhound"
"1644","Grumman G-111 Albatross"
"1645","Grumman G-1159 Gulfstream II"
"1646","Grumman G-1159 Gulfstream II SP"
"1647","Grumman G-159 Gulfstream I"
"1648","Grumman G-73 Mallard"
"1649","Grumman G-73T Turbo Mallard"
"1650","Grumman HU-16A Albatross"
"1651","Grumman HU-16B Albatross"
"1652","Grumman HU-16E Albatross"
"1653","Gulfstream Aerospace G-1159A Gulfst"
"1654","Gulfstream American G-1159 Gulfstre"
"1655","Gulfstream G-IV"
"1656","Gulfstream G-V"
"1657","Gulfstream G150"
"1658","Gulfstream G200"
"1659","Gulfstream G200 Galaxy"
"1660","Gulfstream G450"
"1661","Gulfstream G550"
"1662","Gulfstream G650"
"1663","Gulfstream G650ER"
"1664","Gulfstream GV-SP (G550)"
"1665","Gulfstream III"
"1666","HAL-748"
"1667","HAL/Dornier 228-101"
"1668","HAL/Dornier 228-201"
"1669","Handley Page Hastings"
"1670","Handley Page Hastings C.1"
"1671","Handley Page Hastings C.1A"
"1672","Handley Page Hastings C.2"
"1673","Handley Page HP-137 Jetstream 1"
"1674","Handley Page HP-137 Jetstream III"
"1675","Handley Page HP-137 Jetstream T.2"
"1676","Handley Page HP.42E"
"1677","Handley Page HP.42W"
"1678","Handley Page HP.68 Hermes 1"
"1679","Handley Page HP.81 Hermes IV"
"1680","Handley Page HP.81 Hermes IVA"
"1681","Handley Page HP.82 Hermes V"
"1682","Handley Page HPR-7 Herald 101"
"1683","Handley Page HPR-7 Herald 201"
"1684","Handley Page HPR-7 Herald 202"
"1685","Handley Page HPR-7 Herald 203"
"1686","Handley Page HPR-7 Herald 207"
"1687","Handley Page HPR-7 Herald 214"
"1688","Handley Page HPR-7 Herald 401"
"1689","Handley Page HPR.1 Marathon 1A"
"1690","Handley Page Jetstream T.1"
"1691","Handley Page Marathon T.2"
"1692","Handley Page O/400"
"1693","Handley Page O/7"
"1694","Handley Page W.10"
"1695","Handley Page W.8g"
"1696","Harbin Yunshuji Y-12"
"1697","Harbin Yunshuji Y-12 II"
"1698","Hawker 800XP"
"1699","Hawker Beech 390 Premier IA"
"1700","Hawker Siddeley C-91 (HS-748-281 Sr"
"1701","Hawker Siddeley DH-125-1A"
"1702","Hawker Siddeley DH-125-3A"
"1703","Hawker Siddeley HS-121 Trident 1C"
"1704","Hawker Siddeley HS-121 Trident 1E"
"1705","Hawker Siddeley HS-121 Trident 2E"
"1706","Hawker Siddeley HS-121 Trident 3B"
"1707","Hawker Siddeley HS-125-1A"
"1708","Hawker Siddeley HS-125-1A-522"
"1709","Hawker Siddeley HS-125-1A-731"
"1710","Hawker Siddeley HS-125-3A"
"1711","Hawker Siddeley HS-125-3B"
"1712","Hawker Siddeley HS-125-400"
"1713","Hawker Siddeley HS-125-400A"
"1714","Hawker Siddeley HS-125-403B"
"1715","Hawker Siddeley HS-125-600A"
"1716","Hawker Siddeley HS-125-600B"
"1717","Hawker Siddeley HS-748"
"1718","Hawker Siddeley HS-780 Andover C.1"
"1719","HESA IrAn-140-100"
"1720","Honda HA-420 HondaJet"
"1721","Howard 250"
"1722","Howard 250 Tri-Gear"
"1723","Howard 350"
"1724","Howard 500"
"1725","Howard Cargo Harpoon"
"1726","Howard Super Ventura"
"1727","IAI 1123 Westwind"
"1728","IAI 1124 Westwind"
"1729","IAI 1124 Westwind"
"1730","IAI 1124 Westwind I"
"1731","IAI 1124A Westwind II"
"1732","IAI 1125 Astra"
"1733","IAI 1125 Astra SPX"
"1734","IAI 1126 Galaxy"
"1735","IAI Arava 102"
"1736","IAI Arava 201"
"1737","Ilyushin Il-114"
"1738","Ilyushin Il-114T"
"1739","Ilyushin Il-12"
"1740","Ilyushin Il-12B"
"1741","Ilyushin Il-12L"
"1742","Ilyushin Il-12P"
"1743","Ilyushin Il-12T"
"1744","Ilyushin Il-14"
"1745","Ilyushin Il-14D"
"1746","Ilyushin Il-14FK"
"1747","Ilyushin Il-14FKM"
"1748","Ilyushin Il-14M"
"1749","Ilyushin Il-14P"
"1750","Ilyushin Il-14T"
"1751","Ilyushin Il-18"
"1752","Ilyushin Il-18A"
"1753","Ilyushin Il-18B"
"1754","Ilyushin Il-18D"
"1755","Ilyushin Il-18D-40"
"1756","Ilyushin Il-18E"
"1757","Ilyushin Il-18Gr"
"1758","Ilyushin Il-18V"
"1759","Ilyushin Il-20"
"1760","Ilyushin Il-22M15"
"1761","Ilyushin Il-38"
"1762","Ilyushin Il-62"
"1763","Ilyushin Il-62M"
"1764","Ilyushin Il-76"
"1765","Ilyushin Il-76M"
"1766","Ilyushin Il-76MD"
"1767","Ilyushin Il-76MD Adnan-1"
"1768","Ilyushin Il-76MD Simorgh"
"1769","Ilyushin Il-76T"
"1770","Ilyushin Il-76TD"
"1771","Ilyushin Il-78"
"1772","Ilyushin Il-86"
"1773","IPTN/CASA CN-235-10"
"1774","IPTN/CASA CN-235M-100"
"1775","Junkers F.24kay (G.24)"
"1776","Junkers G.24"
"1777","Junkers G.24li"
"1778","Junkers G.31ba"
"1779","Junkers G.31go"
"1780","Junkers G.38gi/fi"
"1781","Junkers Ju-52"
"1782","Junkers Ju-52/3m"
"1783","Junkers Ju-52/3mce"
"1784","Junkers Ju-52/3mg14e"
"1785","Junkers Ju-52/3mg3e"
"1786","Junkers Ju-52/3mg4e"
"1787","Junkers Ju-52/3mg8e"
"1788","Junkers Ju-52/3mge"
"1789","Junkers Ju-52/3mho"
"1790","Junkers Ju-52/3mlu"
"1791","Junkers Ju-52/3mreo"
"1792","Junkers Ju-52/3msai"
"1793","Junkers Ju-52/3mte"
"1794","Junkers Ju-90A"
"1795","Junkers Ju-90V3"
"1796","Junkers R-42 (G.24)"
"1797","Kaiser-Frazer C-119G Flying Boxcar"
"1798","Kaiser-Frazer C-119L Flying Boxcar"
"1799","Kawasaki C-1"
"1800","Kawasaki Ki-56"
"1801","Kawasaki P-3C-II.5 Orion"
"1802","Latécoère 631"
"1803","Learjet 23"
"1804","Learjet 24"
"1805","Learjet 24A"
"1806","Learjet 24B"
"1807","Learjet 24D"
"1808","Learjet 24XR"
"1809","Learjet 25"
"1810","Learjet 25B"
"1811","Learjet 25C"
"1812","Learjet 25D"
"1813","Learjet 25XR"
"1814","Learjet 31"
"1815","Learjet 31A"
"1816","Learjet 35"
"1817","Learjet 35A"
"1818","Learjet 36A"
"1819","Learjet 45"
"1820","Learjet 55"
"1821","Learjet 55C"
"1822","Learjet 60"
"1823","Learjet C-21A (Learjet 35A)"
"1824","Learjet U-36A"
"1825","Let L-410"
"1826","Let L-410A"
"1827","Let L-410M"
"1828","Let L-410MA"
"1829","Let L-410MU"
"1830","Let L-410UVP"
"1831","Let L-410UVP-E"
"1832","Let L-410UVP-E10A"
"1833","Let L-410UVP-E20"
"1834","Let L-410UVP-E20C"
"1835","Let L-410UVP-E3"
"1836","Let L-410UVP-E9"
"1837","Lioré-et-Olivier H.242/1"
"1838","Lioré-et-Olivier H.246"
"1839","Lioré-et-Olivier H.246.1"
"1840","Lisunov Li-2"
"1841","Lisunov Li-2F"
"1842","Lisunov Li-2P"
"1843","Lisunov Li-2T"
"1844","Lisunov Li-2V"
"1845","Lisunov PS-84"
"1846","Lockheed 14-08 Super Electra"
"1847","Lockheed 14-H Super Electra"
"1848","Lockheed 14-H2 Super Electra"
"1849","Lockheed 14-N2 Super Electra"
"1850","Lockheed 14-N3 Super Electra"
"1851","Lockheed 14-WF62 Super Electra"
"1852","Lockheed 18 Learstar"
"1853","Lockheed 18 Learstar I"
"1854","Lockheed 18 Learstar II"
"1855","Lockheed 18 Lodestar"
"1856","Lockheed 414 Hudson III"
"1857","Lockheed 414 Hudson VI"
"1858","Lockheed 414-08 Hudson IVA"
"1859","Lockheed 414-08-10 Hudson IV"
"1860","Lockheed 414-56 Hudson IIIA"
"1861","Lockheed AC-130H Spectre"
"1862","Lockheed AC-130J Ghostrider"
"1863","Lockheed B-34 Lexington"
"1864","Lockheed C-121C Super Constellation"
"1865","Lockheed C-121G Super Constellation"
"1866","Lockheed C-130 Hercules"
"1867","Lockheed C-130A Hercules"
"1868","Lockheed C-130B Hercules"
"1869","Lockheed C-130D Hercules"
"1870","Lockheed C-130E Hercules"
"1871","Lockheed C-130E-I Hercules"
"1872","Lockheed C-130F Hercules"
"1873","Lockheed C-130H Hercules"
"1874","Lockheed C-130H-30 Hercules"
"1875","Lockheed C-130H2 Hercules"
"1876","Lockheed C-130J Super Hercules"
"1877","Lockheed C-130J-30 Super Hercules"
"1878","Lockheed C-141A Starlifter"
"1879","Lockheed C-141A-20-LM Starlifter"
"1880","Lockheed C-141A-LM Starlifter"
"1881","Lockheed C-141B Starlifter"
"1882","Lockheed C-56B-LO Lodestar"
"1883","Lockheed C-57 Lodestar"
"1884","Lockheed C-5A Galaxy"
"1885","Lockheed C-5B Galaxy"
"1886","Lockheed C-60A Lodestar"
"1887","Lockheed C-60A-1-LO Lodestar"
"1888","Lockheed CC-130B Hercules"
"1889","Lockheed CC-130E Hercules"
"1890","Lockheed CC-130H Hercules"
"1891","Lockheed CC-130H(T) Hercules"
"1892","Lockheed CP-140 Aurora"
"1893","Lockheed EC-121H Super Constellatio"
"1894","Lockheed EC-121K Super Constellatio"
"1895","Lockheed EC-121M Super Constellatio"
"1896","Lockheed EC-121R Super Constellatio"
"1897","Lockheed EC-121T Super Constellatio"
"1898","Lockheed EC-130E Hercules"
"1899","Lockheed EC-130G Hercules"
"1900","Lockheed EP-3E Orion"
"1901","Lockheed HC-130H Hercules"
"1902","Lockheed HC-130H7 Hercules"
"1903","Lockheed HC-130P Combat King"
"1904","Lockheed Hercules ???"
"1905","Lockheed Hercules C.1 (C-130K)"
"1906","Lockheed Hercules C.1P (C-130K)"
"1907","Lockheed Hercules C.3A (C-130K)"
"1908","Lockheed Hercules C.3P (C-130K)"
"1909","Lockheed Hercules C.4 (C-130J-30)"
"1910","Lockheed KC-130F Hercules"
"1911","Lockheed KC-130T Hercules"
"1912","Lockheed L-049 Constellation"
"1913","Lockheed L-100 Hercules"
"1914","Lockheed L-100-20 Hercules"
"1915","Lockheed L-100-30 Hercules"
"1916","Lockheed L-1011 TriStar"
"1917","Lockheed L-1011 TriStar 1"
"1918","Lockheed L-1011 TriStar 100"
"1919","Lockheed L-1011 TriStar 200"
"1920","Lockheed L-1011 TriStar 500"
"1921","Lockheed L-1011-385-1 TriStar 1"
"1922","Lockheed L-1011-385-1-14 TriStar 15"
"1923","Lockheed L-1011-385-3 TriStar 500"
"1924","Lockheed L-1049 Super Constellation"
"1925","Lockheed L-1049-54-80 Super Constel"
"1926","Lockheed L-1049C Super Constellatio"
"1927","Lockheed L-1049C-55-81 Super Conste"
"1928","Lockheed L-1049D Super Constellatio"
"1929","Lockheed L-1049E Super Constellatio"
"1930","Lockheed L-1049E-55 Super Constella"
"1931","Lockheed L-1049G Super Constellatio"
"1932","Lockheed L-1049G-82 Super Constella"
"1933","Lockheed L-1049H Super Constellatio"
"1934","Lockheed L-1049H-01-06-162 Super Co"
"1935","Lockheed L-1329 JetStar 731"
"1936","Lockheed L-1329 JetStar I"
"1937","Lockheed L-1329-25 JetStar II"
"1938","Lockheed L-149 Constellation"
"1939","Lockheed L-1649A Starliner"
"1940","Lockheed L-188 Electra"
"1941","Lockheed L-188A Electra"
"1942","Lockheed L-188AF Electra"
"1943","Lockheed L-188C Electra"
"1944","Lockheed L-188CF Electra"
"1945","Lockheed L-188PF Electra"
"1946","Lockheed L-649 Constellation"
"1947","Lockheed L-749 Constellation"
"1948","Lockheed L-749 Constellation (C-121"
"1949","Lockheed L-749 Constellation (VC-12"
"1950","Lockheed L-749-79 Constellation"
"1951","Lockheed L-749-79-33 Constellation"
"1952","Lockheed L-749-79-46 Constellation"
"1953","Lockheed L-749A Constellation"
"1954","Lockheed L-749A Constellation (VC-1"
"1955","Lockheed L-749A-79 Constellation"
"1956","Lockheed L-749A-79-33 Constellation"
"1957","Lockheed MC-130H Combat Talon II"
"1958","Lockheed Neptune MR.1"
"1959","Lockheed P-15 Neptune (P2V-5)"
"1960","Lockheed P-2E Neptune"
"1961","Lockheed P-2H Neptune"
"1962","Lockheed P-3A Orion"
"1963","Lockheed P-3B Orion"
"1964","Lockheed P-3C Orion"
"1965","Lockheed P2V Neptune"
"1966","Lockheed P2V-2 Neptune"
"1967","Lockheed P2V-2N Neptune"
"1968","Lockheed P2V-3 Neptune"
"1969","Lockheed P2V-5 Neptune"
"1970","Lockheed P2V-5F Neptune"
"1971","Lockheed P2V-6 Neptune"
"1972","Lockheed PV-1 Ventura"
"1973","Lockheed PV-2 Harpoon"
"1974","Lockheed PV-2D Harpoon"
"1975","Lockheed R7V-1 Super Constellation"
"1976","Lockheed RC-121C Super Constellatio"
"1977","Lockheed RC-121D Constellation"
"1978","Lockheed RC-121D Super Constellatio"
"1979","Lockheed SP-2E Neptune"
"1980","Lockheed SP-2H Neptune"
"1981","Lockheed WC-121N Super Constellatio"
"1982","Lockheed WC-130H Hercules"
"1983","Lockheed WV-2 Super Constellation"
"1984","Lockheed WV-3 Super Constellation"
"1985","Lockheed XP2V-1 Neptune"
"1986","Lockheed YMC-130H Hercules"
"1987","Macchi M.C.94-II"
"1988","Martin 2-0-2"
"1989","Martin 2-0-2A"
"1990","Martin 4-0-4"
"1991","Martin JRM-2 Mars"
"1992","Martin JRM-3 Mars"
"1993","Martin M-130"
"1994","Martin P5B Marlin"
"1995","Martin PBM-3S Mariner"
"1996","Martin PBM-5 Mariner"
"1997","Martin PBM-5A Mariner"
"1998","Martin VC-3A (4-0-4)"
"1999","MBB HFB-320 Hansa Jet"
"2000","MBB HFB-320ECM Hansa Jet"
"2001","McDonnell-Douglas DC-10-30CF"
"2002","MD-10-10F"
"2003","MD-10F"
"2004","MD-11"
"2005","MD-11C"
"2006","MD-11F"
"2007","MD-81"
"2008","MD-82"
"2009","MD-83"
"2010","MD-87"
"2011","MD-88"
"2012","MD-90-30"
"2013","Mitusbishi Mu-300 Diamond"
"2014","Mitusbishi Mu-300 Diamond I"
"2015","Mitusbishi Mu-300 Diamond IA"
"2016","Mitusbishi Mu-300-10 Diamond II"
"2017","Mohawk 298 (Nord 262)"
"2018","Morane Saulnier (FMA) MS.760 Paris"
"2019","Morane Saulnier MS.760 Paris I"
"2020","Morane Saulnier MS.760B Paris II"
"2021","NAMC YS-11"
"2022","NAMC YS-11-109"
"2023","NAMC YS-11-125"
"2024","NAMC YS-11-500R"
"2025","NAMC YS-11A-202"
"2026","NAMC YS-11A-205"
"2027","NAMC YS-11A-211"
"2028","NAMC YS-11A-213"
"2029","NAMC YS-11A-217"
"2030","NAMC YS-11A-301"
"2031","NAMC YS-11A-320"
"2032","NAMC YS-11A-500"
"2033","NAMC YS-11A-600"
"2034","NAMC YS-11A-621"
"2035","NAMC YS-11M-A-624"
"2036","National Aerospace Laboratories (NA"
"2037","Naval Aircraft Factory PBN-1 Nomad"
"2038","Nord 2501 Noratlas"
"2039","Nord 2501D Noratlas"
"2040","Nord 2502B Noratlas"
"2041","Nord 262A-27"
"2042","Nord 262A-33"
"2043","Nord 262A-34"
"2044","Nord 262A-42"
"2045","Nord 262A-44"
"2046","Nord 262B-11"
"2047","Nord 262D-51 Frégate"
"2048","Nord 262E"
"2049","North American-Rockwell Sabreliner"
"2050","North-American Rockwell T-39N Sabre"
"2051","North-American-Rockwell Sabreliner"
"2052","Northrop YC-125A Raider"
"2053","OA-10A Canso A (PBY-5A)"
"2054","Oakland Centaurus"
"2055","PADC/BN-2A-21 Islander"
"2056","PADC/BN-2A-26 Islander"
"2057","PADC/BN-2T Islander"
"2058","PB2B-1 Canso A (PBY-5A)"
"2059","PB2B-1 Catalina"
"2060","PB2B-1 Catalina IVB"
"2061","PBV-1A Canso (PBY-5A)"
"2062","PBV-1A Canso A (PBY-5A)"
"2063","Piaggio PD.808"
"2064","Pilatus Britten Norman BN2A-26 Isla"
"2065","Potez 62"
"2066","Potez 840"
"2067","Potez-CAMS 161"
"2068","PZL MD-12"
"2069","PZL-Mielec M28 Skytruck"
"2070","Raytheon 390 Premier I"
"2071","Raytheon 390 Premier IA"
"2072","Raytheon Beechjet 400A"
"2073","Raytheon Hawker 800XP"
"2074","Raytheon Hawker 850XP"
"2075","Raytheon U-125 (Hawker 800)"
"2076","Rockwell 1121 Jet Commander"
"2077","Rockwell 1121A Jet Commander"
"2078","Rockwell 1121B Jet Commander"
"2079","Rockwell CT-39G Sabreliner"
"2080","Rockwell Sabreliner 40"
"2081","Rockwell Sabreliner 40A"
"2082","Rockwell Sabreliner 60"
"2083","Rockwell Sabreliner 60SC"
"2084","Rockwell Sabreliner 65"
"2085","Rockwell Sabreliner 70"
"2086","Rockwell Sabreliner 75"
"2087","Rockwell Sabreliner 75A"
"2088","Rockwell Sabreliner 80"
"2089","Rockwell T-39N Sabreliner"
"2090","Saab 2000"
"2091","Saab 340A"
"2092","Saab 340B"
"2093","SAAB Scandia 90A-1"
"2094","SAAB Scandia 90A-2"
"2095","Sabca (Handley Page) W.8B"
"2096","Sabca Savoia-Marchetti S.73P"
"2097","Sabreliner 40"
"2098","Saunders ST-27"
"2099","Savoia-Marchetti S-66"
"2100","Savoia-Marchetti S.73"
"2101","Savoia-Marchetti S.73P"
"2102","Savoia-Marchetti SM-75"
"2103","Savoia-Marchetti SM-75 bis"
"2104","Savoia-Marchetti SM-75C"
"2105","Savoia-Marchetti SM-95B"
"2106","Scottish Aviation Twin Pioneer 1"
"2107","Scottish Aviation Twin Pioneer 2"
"2108","Scottish Aviation Twin Pioneer 3"
"2109","Scottish Aviation Twin Pioneer CC.1"
"2110","Scottish Aviation Twin Pioneer CC.2"
"2111","SE-210 Caravelle 10B3"
"2112","SE-210 Caravelle 10R"
"2113","SE-210 Caravelle 11R"
"2114","SE-210 Caravelle I"
"2115","SE-210 Caravelle IA"
"2116","SE-210 Caravelle III"
"2117","SE-210 Caravelle VI-N"
"2118","SE-210 Caravelle VI-R"
"2119","Shaanxi KJ-200 (Y-8)"
"2120","Shaanxi Y-8F-200W"
"2121","Shaanxi Yunshuji Y-8B"
"2122","Shin Meiwa PS-1"
"2123","Short L.17 Scylla"
"2124","Short S.17 Kent"
"2125","Short S.23 Empire Flying Boat Mk I"
"2126","Short S.23 Empire Flying Boat Mk II"
"2127","Short S.25 Sandringham 2"
"2128","Short S.25 Sandringham 4"
"2129","Short S.25 Sandringham 5"
"2130","Short S.25 Sandringham 6"
"2131","Short S.25 Sunderland 3"
"2132","Short S.25 Sunderland 5"
"2133","Short S.25 Sunderland GR.5"
"2134","Short S.25 Sunderland III"
"2135","Short S.30 Empire Flying Boat"
"2136","Short S.8 Calcutta"
"2137","Short S.8/1 Calcutta"
"2138","Short Sunderland"
"2139","Short Sunderland GR.3"
"2140","Short Sunderland GR.5"
"2141","Short Sunderland I"
"2142","Short Sunderland III"
"2143","Short Sunderland Mk II"
"2144","Short Sunderland MR.5"
"2145","Short Sunderland V"
"2146","Shorts 330-100"
"2147","Shorts 330-200"
"2148","Shorts 330-300UTT"
"2149","Shorts 360-100"
"2150","Shorts 360-200"
"2151","Shorts 360-300"
"2152","Shorts C-23B+ Sherpa (330)"
"2153","Shorts JC-23A Sherpa (330)"
"2154","Shorts S.26 G Class"
"2155","Shorts S.45 Solent 3"
"2156","Shorts SC.7 Skyvan"
"2157","Shorts SC.7 Skyvan 3"
"2158","Shorts SC.7 Skyvan 3-100"
"2159","Shorts SC.7 Skyvan 3-200"
"2160","Shorts SC.7 Skyvan 3-300"
"2161","Shorts SC.7 Skyvan 3-400"
"2162","Shorts SC.7 Skyvan 3A-200"
"2163","Shorts SC.7 Skyvan 3M-100"
"2164","Shorts SC.7 Skyvan 3M-400"
"2165","Shorts Sunderland IIIa"
"2166","Sikorsky S-42"
"2167","Sikorsky S-42A"
"2168","Sikorsky S-42B"
"2169","Sikorsky S-43"
"2170","Sikorsky S-43B"
"2171","Sikorsky S-43W"
"2172","Sino Swearingen SJ30-2"
"2173","SNCAC (Farman) NC.223.4"
"2174","SNCASE SE.161 Languedoc"
"2175","SNCASE SE.161/1 Languedoc"
"2176","SNCASE SE.161/P7 Languedoc"
"2177","SNCASE SE.200"
"2178","SNCASE SE.2010 Armagnac"
"2179","SNCASO S.O.93 Corse"
"2180","Spectrum Aeronautical Spectrum 33"
"2181","Steward-Davis Super Catalina (PBY-5"
"2182","Sud-Aviation SE-210 Caravelle"
"2183","Sukhoi Superjet 100-95"
"2184","Sukhoi Superjet 100-95B"
"2185","Swearingen SA226-AT Merlin IV"
"2186","Swearingen SA226-AT Merlin IVA"
"2187","Swearingen SA226-AT Metro III"
"2188","Swearingen SA226-TC Metro II"
"2189","Swearingen SA227-AC Metro III"
"2190","Swearingen SA227-AT Expediter"
"2191","Swearingen SA227-AT Merlin IVC"
"2192","Swearingen SA227-BC Metro III"
"2193","Swearingen SA227-CC Metro 23"
"2194","Swearingen SA227-DC Metro 23"
"2195","Swearingen SA227-DC Metro 23 (C-26B"
"2196","T-39A Sabreliner"
"2197","T-39A-1-NA Sabreliner"
"2198","T-39N Sabreliner"
"2199","Transall C-160F"
"2200","Transall C-160NG"
"2201","Transall C-160R"
"2202","Tupolev ANT-20 Maxim Gorky"
"2203","Tupolev ANT-20bis"
"2204","Tupolev G-2"
"2205","Tupolev Tu-104"
"2206","Tupolev Tu-104A"
"2207","Tupolev Tu-104B"
"2208","Tupolev Tu-114D"
"2209","Tupolev Tu-124"
"2210","Tupolev Tu-124V"
"2211","Tupolev Tu-134"
"2212","Tupolev Tu-134 ?"
"2213","Tupolev Tu-134A"
"2214","Tupolev Tu-134A-3"
"2215","Tupolev Tu-134AK"
"2216","Tupolev Tu-134B-3"
"2217","Tupolev Tu-134Sh2"
"2218","Tupolev Tu-134SKh"
"2219","Tupolev Tu-144D"
"2220","Tupolev Tu-144S"
"2221","Tupolev Tu-154"
"2222","Tupolev Tu-154A"
"2223","Tupolev Tu-154B"
"2224","Tupolev Tu-154B-1"
"2225","Tupolev Tu-154B-2"
"2226","Tupolev Tu-154M"
"2227","Tupolev Tu-154S"
"2228","Tupolev Tu-204-100"
"2229","Tupolev Tu-204-100V"
"2230","Tupolev Tu-204S"
"2231","U-1A Otter (DHC-3)"
"2232","UC-1 Otter (DHC-3)"
"2233","unknown"
"2234","unknown jetliner"
"2235","VEB 14P"
"2236","Vickers 498 Viking 1A"
"2237","Vickers 604 Viking 1B"
"2238","Vickers 610 Viking 1B"
"2239","Vickers 610 Viking 3B"
"2240","Vickers 614 Viking 1"
"2241","Vickers 615 Viking 1B"
"2242","Vickers 616 Viking 1B"
"2243","Vickers 620 Viking 1"
"2244","Vickers 627 Viking 1B"
"2245","Vickers 628 Viking 1B"
"2246","Vickers 630 Viscount"
"2247","Vickers 634 Viking 1B"
"2248","Vickers 635 Viking 1B"
"2249","Vickers 639 Viking 1"
"2250","Vickers 644 Viking 1B"
"2251","Vickers 651 Valetta C.1"
"2252","Vickers 657 Viking 1"
"2253","Vickers 663 Viscount"
"2254","Vickers 668 Varsity"
"2255","Vickers 668 Varsity T.1"
"2256","Vickers 701 Viscount"
"2257","Vickers 701C Viscount"
"2258","Vickers 708 Viscount"
"2259","Vickers 720 Viscount"
"2260","Vickers 724 Viscount"
"2261","Vickers 732 Viscount"
"2262","Vickers 735 Viscount"
"2263","Vickers 736 Viscount"
"2264","Vickers 739 Viscount"
"2265","Vickers 739A Viscount"
"2266","Vickers 739B Viscount"
"2267","Vickers 744 Viscount"
"2268","Vickers 745D Viscount"
"2269","Vickers 748D Viscount"
"2270","Vickers 749 Viscount"
"2271","Vickers 754D Viscount"
"2272","Vickers 755D Viscount"
"2273","Vickers 757 Viscount"
"2274","Vickers 759D Viscount"
"2275","Vickers 760D Viscount"
"2276","Vickers 761D Viscount"
"2277","Vickers 764D Viscount"
"2278","Vickers 768D Viscount"
"2279","Vickers 769D Viscount"
"2280","Vickers 782D Viscount"
"2281","Vickers 785D Viscount"
"2282","Vickers 794D Viscount"
"2283","Vickers 798D Viscount"
"2284","Vickers 802 Viscount"
"2285","Vickers 803 Viscount"
"2286","Vickers 804 Viscount"
"2287","Vickers 806 Viscount"
"2288","Vickers 807 Viscount"
"2289","Vickers 812 Viscount"
"2290","Vickers 813 Viscount"
"2291","Vickers 814 Viscount"
"2292","Vickers 815 Viscount"
"2293","Vickers 816 Viscount"
"2294","Vickers 818 Viscount"
"2295","Vickers 827 Viscount"
"2296","Vickers 828 Viscount"
"2297","Vickers 832 Viscount"
"2298","Vickers 835 Viscount"
"2299","Vickers 837 Viscount"
"2300","Vickers 838 Viscount"
"2301","Vickers 843 Viscount"
"2302","Vickers 951 Vanguard"
"2303","Vickers 952 Vanguard"
"2304","Vickers 952F Vanguard"
"2305","Vickers 953 Vanguard"
"2306","Vickers 953C Vanguard"
"2307","Vickers Super VC10-1151"
"2308","Vickers Super VC10-1154"
"2309","Vickers Valetta C.1"
"2310","Vickers Valetta C.2"
"2311","Vickers Valetta T.3"
"2312","Vickers Valetta T.4"
"2313","Vickers Varisty T.1"
"2314","Vickers Varsity T.1"
"2315","Vickers VC10-1101"
"2316","Vickers VC10-1102"
"2317","Vickers Viscount"
"2318","Viking Air DHC-6 Twin Otter 400"
"2319","Volpar Turboliner"
"2320","Volpar Turboliner II"
"2321","Vought-Sikorsky VS-44"
"2322","Xian MA60"
"2323","Xian Yunshuji Y-7"
"2324","Xian Yunshuji Y-7-100C"
"2325","Yakovlev Yak-40"
"2326","Yakovlev Yak-40A"
"2327","Yakovlev Yak-40D"
"2328","Yakovlev Yak-40EC"
"2329","Yakovlev Yak-40FG"
"2330","Yakovlev Yak-40K"
"2331","Yakovlev Yak-40S2"
"2332","Yakovlev Yak-42"
"2333","Yakovlev Yak-42D"
